kmer,prob
AA,1.12471972895847
AC,1.01043718643623
AG,0.972675491285847
AT,1.02370048661889
CA,0.982310730357223
CC,0.808089125196904
CG,1.07302193469977
CT,0.972675491285847
GA,0.959648925748201
GC,0.899761780865083
GG,0.808089125196904
GT,1.01043718643623
TA,1.23756643798507
TC,0.959648925748201
TG,0.982310730357223
TT,1.12471972895847
