"local","global","global.local","local.global","kmer"
0.575487156721686,0.37025540714492,0.36663273047061,0.579710347697564,0.25862340655445
0.77163471323182,0.625082992526731,0.699565512739472,0.65074491099429,0.584937620318782
0.838263063617448,0.768353186002907,0.790142049229914,0.783636952006819,0.381401148808514
0.887865579500186,0.614745881916874,0.732627408938286,0.712826712634163,0.567850480187365
0.892814465509717,0.625981172243337,0.747443261270601,0.720035877074674,0.476162446409445
0.917307146455631,0.614291946718563,0.738651529436947,0.722795209378623,0.450739604467247
