"A.cont","C.cont","G.cont","T.cont"
0.294361121084979,0.204777923232718,0.205628977189716,0.295231978492587
